route_id,stop_id,lead_bucket,bias_sec,n
Orange,70001,0,-19.753,67
Orange,70001,3,-28.759,51
Orange,70001,6,-46.078,59
Orange,70001,9,-51.449,50
Orange,70001,12,-139.759,13
Orange,70001,15,-142.145,1
Orange,70001,30,-481.738,2
Orange,70002,0,-9.0445,1298
Orange,70002,3,-16.009,1471
Orange,70002,6,-20.882,1351
Orange,70002,9,-69.669,464
Orange,70002,12,-190.042,31
Orange,70002,18,-193.288,10
Orange,70002,21,-440.638,3
Orange,70002,24,-202.68,5
Orange,70002,27,-192.426,6
Orange,70002,30,-468.293,2
Orange,70003,0,-38.919,1989
Orange,70003,3,-128.938,1171
Orange,70003,6,-82.56800000000001,972
Orange,70003,9,-60.967,871
Orange,70003,12,-68.5885,820
Orange,70003,15,-169.985,543
Orange,70003,18,-274.0475,192
Orange,70003,21,-461.292,49
Orange,70003,24,-614.4365,4
Orange,70003,30,-25.007,2
Orange,70004,0,-9.031,1369
Orange,70004,3,-15.813,1407
Orange,70004,6,-25.966,997
Orange,70004,9,-135.494,127
Orange,70004,12,-155.545,1
Orange,70004,15,-183.666,7
Orange,70004,18,-236.051,2
Orange,70004,21,-202.178,8
Orange,70004,24,-191.332,2
Orange,70004,27,-443.925,5
Orange,70005,0,-11.273,1794
Orange,70005,3,-98.475,1549
Orange,70005,6,-85.009,1133
Orange,70005,9,-67.0715,926
Orange,70005,12,-67.5575,924
Orange,70005,15,-116.057,755
Orange,70005,18,-218.7245,374
Orange,70005,21,-416.986,90
Orange,70005,24,-568.576,15
Orange,70005,30,-29.0095,2
Orange,70006,0,-9.159500000000001,1370
Orange,70006,3,-14.176,1283
Orange,70006,6,-61.023,427
Orange,70006,9,-173.2545,24
Orange,70006,15,-178.778,8
Orange,70006,18,-441.13,2
Orange,70006,21,-189.674,6
Orange,70006,24,-306.421,4
Orange,70006,27,-474.274,2
Orange,70007,0,-9.3555,1184
Orange,70007,3,-46.184,2060
Orange,70007,6,-118.019,1293
Orange,70007,9,-83.942,1055
Orange,70007,12,-63.88,975
Orange,70007,15,-80.058,897
Orange,70007,18,-166.688,611
Orange,70007,21,-282.54,214
Orange,70007,24,-464.597,51
Orange,70007,27,-592.066,5
Orange,70007,30,-29.5135,2
Orange,70008,0,-8.949,1248
Orange,70008,3,-17.002000000000002,906
Orange,70008,6,-136.094,85
Orange,70008,9,-185.317,1
Orange,70008,12,-165.661,7
Orange,70008,15,-343.632,3
Orange,70008,18,-187.672,6
Orange,70008,21,-184.917,1
Orange,70008,24,-421.913,5
Orange,70009,0,-8.788499999999999,1314
Orange,70009,3,-20.176499999999997,1818
Orange,70009,6,-100.27799999999999,1686
Orange,70009,9,-95.008,1209
Orange,70009,12,-81.0585,1054
Orange,70009,15,-79.1425,1020
Orange,70009,18,-116.45400000000001,876
Orange,70009,21,-226.399,439
Orange,70009,24,-357.629,105
Orange,70009,27,-529.596,23
Orange,70009,30,-32.0155,2
Orange,70010,0,-8.559,1109
Orange,70010,3,-41.992000000000004,352
Orange,70010,6,-177.645,13
Orange,70010,12,-172.2455,8
Orange,70010,15,-312.615,1
Orange,70010,18,-185.67,6
Orange,70010,21,-294.079,4
Orange,70010,24,-476.271,2
Orange,70011,0,-8.926,1505
Orange,70011,3,-17.134,1327
Orange,70011,6,-50.869,2079
Orange,70011,9,-136.42,1378
Orange,70011,12,-99.27000000000001,1206
Orange,70011,15,-82.134,1061
Orange,70011,18,-90.72749999999999,1012
Orange,70011,21,-173.332,685
Orange,70011,24,-285.47900000000004,264
Orange,70011,27,-462.813,68
Orange,70011,30,-606.089,10
Orange,70012,0,-8.651,854
Orange,70012,3,-117.46000000000001,62
Orange,70012,6,-157.621,2
Orange,70012,9,-199.3495,6
Orange,70012,12,-173.883,3
Orange,70012,15,-176.1405,4
Orange,70012,18,-190.667,3
Orange,70012,21,-402.909,5
Orange,70013,0,-9.0795,1316
Orange,70013,3,-15.988,1444
Orange,70013,6,-28.606,1859
Orange,70013,9,-111.01750000000001,1752
Orange,70013,12,-100.983,1315
Orange,70013,15,-92.293,1125
Orange,70013,18,-88.627,1123
Orange,70013,21,-125.666,934
Orange,70013,24,-240.349,460
Orange,70013,27,-420.01149999999996,128
Orange,70013,30,-629.4425,36
Orange,70015,0,-10.074,1107
Orange,70015,3,-17.212,1325
Orange,70015,6,-26.465,1315
Orange,70015,9,-59.383,1857
Orange,70015,12,-143.7525,1406
Orange,70015,15,-123.71,1201
Orange,70015,18,-105.535,1041
Orange,70015,21,-111.959,1018
Orange,70015,24,-165.3835,764
Orange,70015,27,-273.75199999999995,336
Orange,70015,30,-480.0095,124
Red,70063,0,-19.164,2591
Red,70063,3,-123.93,1929
Red,70063,6,-174.242,1926
Red,70063,9,-217.8505,1776
Red,70063,12,-269.86350000000004,1620
Red,70063,15,-266.716,1338
Red,70063,18,-282.638,1263
Red,70063,21,-297.98,1220
Red,70063,24,-298.494,1195
Red,70063,27,-334.387,1212
Red,70063,30,-376.961,10123
Red,70064,0,-12.654,1710
Red,70064,3,-24.89,1354
Red,70064,6,-37.859,1719
Red,70064,9,-52.219,1581
Red,70064,12,-59.748,1645
Red,70064,15,-77.3455,1770
Red,70064,18,-84.007,1867
Red,70064,21,-94.118,1889
Red,70064,24,-108.388,1975
Red,70064,27,-121.53049999999999,1946
Red,70064,30,-283.655,29378
Red,70065,0,-25.02,2143
Red,70065,3,-72.6765,2722
Red,70065,6,-177.893,1954
Red,70065,9,-217.95850000000002,2058
Red,70065,12,-255.708,1913
Red,70065,15,-299.5105,1718
Red,70065,18,-289.751,1509
Red,70065,21,-308.66949999999997,1464
Red,70065,24,-318.048,1400
Red,70065,27,-315.859,1413
Red,70065,30,-392.621,13300
Red,70066,0,-10.637,1248
Red,70066,3,-23.366,1425
Red,70066,6,-33.1655,1518
Red,70066,9,-42.150999999999996,1482
Red,70066,12,-55.092,1637
Red,70066,15,-64.879,1729
Red,70066,18,-73.352,1802
Red,70066,21,-86.068,1883
Red,70066,24,-100.167,1851
Red,70066,27,-111.982,1921
Red,70066,30,-284.948,26317
Red,70067,0,-13.9145,1848
Red,70067,3,-48.724999999999994,2484
Red,70067,6,-110.0365,2670
Red,70067,9,-208.625,2070
Red,70067,12,-243.784,2138
Red,70067,15,-281.855,1995
Red,70067,18,-314.877,1837
Red,70067,21,-312.73,1645
Red,70067,24,-330.487,1595
Red,70067,27,-339.844,1541
Red,70067,30,-400.844,16289
Red,70068,0,-12.861,1277
Red,70068,3,-22.603,1375
Red,70068,6,-31.153,1369
Red,70068,9,-38.769,1581
Red,70068,12,-49.424,1628
Red,70068,15,-56.159,1720
Red,70068,18,-70.432,1836
Red,70068,21,-80.72,1767
Red,70068,24,-87.28999999999999,1838
Red,70068,27,-120.8095,1784
Red,70068,30,-285.181,23003
Red,70069,0,-8.991499999999998,1000
Red,70069,3,-18.557,1851
Red,70069,6,-51.838,2309
Red,70069,9,-102.328,2763
Red,70069,12,-200.638,2195
Red,70069,15,-247.872,2239
Red,70069,18,-280.8345,2122
Red,70069,21,-314.60900000000004,1958
Red,70069,24,-315.1445,1784
Red,70069,27,-330.94,1701
Red,70069,30,-404.656,19517
Red,70070,0,-9.541,1340
Red,70070,3,-17.858,1121
Red,70070,6,-25.114,1461
Red,70070,9,-33.913,1533
Red,70070,12,-37.777,1603
Red,70070,15,-53.073,1669
Red,70070,18,-62.551,1657
Red,70070,21,-75.58250000000001,1760
Red,70070,24,-106.38499999999999,1636
Red,70070,27,-120.547,1452
Red,70070,30,-271.741,19162
Red,70071,0,-8.904,998
Red,70071,3,-15.312999999999999,1056
Red,70071,6,-21.013,1669
Red,70071,9,-48.94,2260
Red,70071,12,-93.126,2690
Red,70071,15,-183.768,2410
Red,70071,18,-243.584,2283
Red,70071,21,-283.172,2195
Red,70071,24,-320.943,2095
Red,70071,27,-330.311,1919
Red,70071,30,-408.68899999999996,23060
Red,70072,0,-8.953,1154
Red,70072,3,-19.551,1309
Red,70072,6,-26.775,1413
Red,70072,9,-33.672,1457
Red,70072,12,-45.933,1611
Red,70072,15,-53.3,1577
Red,70072,18,-59.828,1667
Red,70072,21,-87.2,1614
Red,70072,24,-116.601,1419
Red,70072,27,-124.92,1375
Red,70072,30,-282.751,17108
Red,70073,0,-8.756499999999999,872
Red,70073,3,-14.553,1207
Red,70073,6,-21.393,1241
Red,70073,9,-28.951,1843
Red,70073,12,-59.815,2381
Red,70073,15,-111.59549999999999,2728
Red,70073,18,-204.039,2341
Red,70073,21,-254.20749999999998,2318
Red,70073,24,-292.699,2206
Red,70073,27,-335.222,2113
Red,70073,30,-405.685,25297
Red,70074,0,-9.439,1175
Red,70074,3,-19.355,1364
Red,70074,6,-29.721,1362
Red,70074,9,-37.51,1511
Red,70074,12,-46.685,1546
Red,70074,15,-51.364000000000004,1542
Red,70074,18,-69.645,1631
Red,70074,21,-109.336,1407
Red,70074,24,-112.284,1295
Red,70074,27,-138.336,1381
Red,70074,30,-292.264,15374
Red,70075,0,-10.184,1349
Red,70075,3,-17.9565,898
Red,70075,6,-24.06,1392
Red,70075,9,-28.984,1464
Red,70075,12,-42.312,2159
Red,70075,15,-82.481,2532
Red,70075,18,-146.664,2719
Red,70075,21,-237.878,2279
Red,70075,24,-267.7595,2350
Red,70075,27,-308.665,2215
Red,70075,30,-408.18,27710
Red,70076,0,-11.414,1211
Red,70076,3,-18.71,1372
Red,70076,6,-26.696,1421
Red,70076,9,-38.191,1466
Red,70076,12,-42.922,1459
Red,70076,15,-53.764,1577
Red,70076,18,-90.012,1437
Red,70076,21,-96.767,1258
Red,70076,24,-113.966,1262
Red,70076,27,-150.14,1316
Red,70076,30,-289.64,13565
Red,70077,0,-13.558,1013
Red,70077,3,-18.042,1111
Red,70077,6,-21.5205,1202
Red,70077,9,-30.741999999999997,1382
Red,70077,12,-33.636,1817
Red,70077,15,-64.5605,2378
Red,70077,18,-108.488,2697
Red,70077,21,-194.477,2491
Red,70077,24,-252.756,2352
Red,70077,27,-285.146,2297
Red,70077,30,-404.159,29277
Red,70078,0,-9.894,1306
Red,70078,3,-19.908,1220
Red,70078,6,-27.9085,1404
Red,70078,9,-33.875,1415
Red,70078,12,-42.733,1427
Red,70078,15,-62.615,1550
Red,70078,18,-87.196,1250
Red,70078,21,-100.1165,1184
Red,70078,24,-111.2465,1316
Red,70078,27,-179.851,1157
Red,70078,30,-288.819,12369
Red,70079,0,-8.732,1025
Red,70079,3,-16.379,1404
Red,70079,6,-22.517,1065
Red,70079,9,-30.809,1450
Red,70079,12,-31.708,1615
Red,70079,15,-47.565,2199
Red,70079,18,-88.093,2573
Red,70079,21,-153.53699999999998,2688
Red,70079,24,-236.488,2360
Red,70079,27,-272.648,2370
Red,70079,30,-398.892,30848
Red,70080,0,-9.628,1243
Red,70080,3,-18.51,1305
Red,70080,6,-27.418,1304
Red,70080,9,-32.423,1349
Red,70080,12,-43.055,1467
Red,70080,15,-82.592,1335
Red,70080,18,-89.794,1133
Red,70080,21,-103.023,1174
Red,70080,24,-139.615,1241
Red,70080,27,-216.482,1009
Red,70080,30,-286.227,11033
Red,70081,0,-10.018,1341
Red,70081,3,-14.98,1129
Red,70081,6,-26.18,1383
Red,70081,9,-26.729,1249
Red,70081,12,-38.327,1512
Red,70081,15,-39.345,1805
Red,70081,18,-60.025,2315
Red,70081,21,-104.22149999999999,2622
Red,70081,24,-178.1235,2610
Red,70081,27,-253.167,2379
Red,70081,30,-395.9185,33328
Red,70082,0,-9.219,1134
Red,70082,3,-15.565,1245
Red,70082,6,-21.883499999999998,1296
Red,70082,9,-29.439,1323
Red,70082,12,-60.886,1327
Red,70082,15,-75.044,1068
Red,70082,18,-90.033,1047
Red,70082,21,-114.145,1207
Red,70082,24,-203.882,967
Red,70082,27,-215.27100000000002,784
Red,70082,30,-277.361,9357
Red,70083,0,-13.143,1377
Red,70083,3,-23.429,1405
Red,70083,6,-30.004,1365
Red,70083,9,-38.2035,1500
Red,70083,12,-42.7235,1402
Red,70083,15,-54.325,1677
Red,70083,18,-52.936499999999995,1904
Red,70083,21,-78.131,2435
Red,70083,24,-121.964,2697
Red,70083,27,-204.492,2645
Red,70083,30,-392.32550000000003,37056
Red,70084,0,-9.1895,1060
Red,70084,3,-15.969,1209
Red,70084,6,-26.023,1127
Red,70084,9,-45.4725,1310
Red,70084,12,-57.474,979
Red,70084,15,-75.466,915
Red,70084,18,-86.95349999999999,1128
Red,70084,21,-184.305,922
Red,70084,24,-220.07999999999998,712
Red,70084,27,-221.135,727
Red,70084,30,-290.11,7720
Red,70085,0,-9.877,665
Red,70085,3,-26.0915,736
Red,70085,6,-34.399,743
Red,70085,9,-40.046,749
Red,70085,12,-52.8695,760
Red,70085,15,-55.143,757
Red,70085,18,-68.167,932
Red,70085,21,-73.791,1025
Red,70085,24,-96.935,1261
Red,70085,27,-143.533,1345
Red,70085,30,-385.709,18455
Red,70086,0,-9.077,569
Red,70086,3,-17.461,621
Red,70086,6,-34.709500000000006,748
Red,70086,9,-130.379,325
Red,70086,12,-107.869,243
Red,70086,15,-173.565,306
Red,70086,18,-203.294,306
Red,70086,21,-215.811,279
Red,70086,24,-235.811,309
Red,70086,27,-241.018,321
Red,70086,30,-335.40999999999997,3670
Red,70087,0,-9.071,679
Red,70087,3,-20.0565,682
Red,70087,6,-32.921499999999995,822
Red,70087,9,-40.65,747
Red,70087,12,-49.516999999999996,778
Red,70087,15,-53.453,774
Red,70087,18,-69.262,864
Red,70087,21,-75.165,954
Red,70087,24,-85.034,1147
Red,70087,27,-122.165,1323
Red,70087,30,-380.771,19680
Red,70088,0,-8.618,607
Red,70088,3,-20.902,802
Red,70088,6,-93.9545,334
Red,70088,9,-139.741,223
Red,70088,12,-149.797,269
Red,70088,15,-199.551,297
Red,70088,18,-211.3765,262
Red,70088,21,-230.087,286
Red,70088,24,-238.17399999999998,286
Red,70088,27,-256.384,327
Red,70088,30,-347.694,3231
Red,70089,0,-8.23,473
Red,70089,3,-14.7,727
Red,70089,6,-22.96,686
Red,70089,9,-35.7035,832
Red,70089,12,-45.171,760
Red,70089,15,-53.777,788
Red,70089,18,-57.626,787
Red,70089,21,-68.926,843
Red,70089,24,-74.9255,968
Red,70089,27,-85.827,1140
Red,70089,30,-366.833,21055
Red,70090,0,-10.384,834
Red,70090,3,-83.44,309
Red,70090,6,-117.6235,170
Red,70090,9,-152.9995,206
Red,70090,12,-201.4385,258
Red,70090,15,-210.4005,228
Red,70090,18,-222.317,275
Red,70090,21,-243.605,225
Red,70090,24,-246.841,290
Red,70090,27,-294.219,310
Red,70090,30,-359.818,2591
Red,70091,0,-9.2485,582
Red,70091,3,-14.752500000000001,662
Red,70091,6,-23.591,665
Red,70091,9,-29.052,720
Red,70091,12,-47.631,811
Red,70091,15,-51.417,793
Red,70091,18,-65.731,816
Red,70091,21,-66.81700000000001,770
Red,70091,24,-78.33250000000001,922
Red,70091,27,-82.417,1021
Red,70091,30,-368.248,21719
Red,70092,0,-20.251,696
Red,70092,3,-153.702,174
Red,70092,6,-107.305,123
Red,70092,9,-183.15,223
Red,70092,12,-210.932,231
Red,70092,15,-215.185,237
Red,70092,18,-236.234,237
Red,70092,21,-246.5705,216
Red,70092,24,-266.60450000000003,290
Red,70092,27,-299.118,289
Red,70092,30,-369.1875,2310
Red,70093,0,-9.168,497
Red,70093,3,-16.127,415
Red,70093,6,-20.499,538
Red,70093,9,-24.098,563
Red,70093,12,-36.299,597
Red,70093,15,-57.92,675
Red,70093,18,-63.569,638
Red,70093,21,-77.499,685
Red,70093,24,-73.316,639
Red,70093,27,-93.168,759
Red,70093,30,-350.61,17835
Red,70095,0,-9.01,643
Red,70095,3,-23.1075,666
Red,70095,6,-29.316,727
Red,70095,9,-34.18,729
Red,70095,12,-46.457,762
Red,70095,15,-50.053,768
Red,70095,18,-54.359,829
Red,70095,21,-61.143,1050
Red,70095,24,-96.059,1283
Red,70095,27,-147.374,1409
Red,70095,30,-379.322,21317
Red,70096,0,-10.4415,502
Red,70096,3,-18.747999999999998,474
Red,70096,6,-27.683,569
Red,70096,9,-38.1685,558
Red,70096,12,-48.337,590
Red,70096,15,-48.236,729
Red,70096,18,-142.037,623
Red,70096,21,-215.825,376
Red,70096,24,-115.24000000000001,318
Red,70096,27,-134.13549999999998,254
Red,70096,30,-164.9975,2770
Red,70097,0,-8.7355,324
Red,70097,3,-9.531,346
Red,70097,6,-15.435500000000001,650
Red,70097,9,-28.5595,708
Red,70097,12,-37.956,768
Red,70097,15,-42.0625,734
Red,70097,18,-55.450500000000005,788
Red,70097,21,-59.378,796
Red,70097,24,-63.476,827
Red,70097,27,-66.856,1033
Red,70097,30,-350.53,24304
Red,70098,0,-9.911,521
Red,70098,3,-16.1855,546
Red,70098,6,-23.227,533
Red,70098,9,-49.915499999999994,758
Red,70098,12,-154.661,427
Red,70098,15,-122.592,275
Red,70098,18,-96.642,250
Red,70098,21,-119.992,163
Red,70098,24,-106.004,153
Red,70098,27,-110.992,145
Red,70098,30,-135.552,1724
Red,70099,0,-9.1465,578
Red,70099,3,-12.63,281
Red,70099,6,-17.1205,468
Red,70099,9,-22.781,716
Red,70099,12,-35.747,753
Red,70099,15,-48.029,783
Red,70099,18,-48.437,775
Red,70099,21,-64.69200000000001,800
Red,70099,24,-70.03049999999999,808
Red,70099,27,-71.534,915
Red,70099,30,-349.128,25156
Red,70100,0,-9.261,481
Red,70100,3,-13.934,511
Red,70100,6,-24.66,698
Red,70100,9,-109.382,513
Red,70100,12,-186.258,277
Red,70100,15,-83.0455,230
Red,70100,18,-124.7125,186
Red,70100,21,-127.998,141
Red,70100,24,-119.998,117
Red,70100,27,-122.076,123
Red,70100,30,-145.895,1419
Red,70101,0,-8.895,545
Red,70101,3,-15.143,579
Red,70101,6,-22.491,311
Red,70101,9,-19.556,548
Red,70101,12,-28.889000000000003,762
Red,70101,15,-37.822,766
Red,70101,18,-52.942,787
Red,70101,21,-53.813500000000005,810
Red,70101,24,-70.544,839
Red,70101,27,-77.00450000000001,818
Red,70101,30,-348.3645,26296
Red,70102,0,-9.306000000000001,500
Red,70102,3,-15.148,664
Red,70102,6,-88.9795,490
Red,70102,9,-221.742,243
Red,70102,12,-81.5755,190
Red,70102,15,-116.668,154
Red,70102,18,-134.126,125
Red,70102,21,-131.143,92
Red,70102,24,-118.46600000000001,88
Red,70102,27,-106.6525,94
Red,70102,30,-137.563,1005
Red,70103,0,-9.398,559
Red,70103,3,-15.4435,618
Red,70103,6,-23.956,575
Red,70103,9,-28.408,335
Red,70103,12,-25.649,613
Red,70103,15,-37.443,786
Red,70103,18,-51.344,779
Red,70103,21,-59.52,805
Red,70103,24,-66.836,831
Red,70103,27,-74.52,845
Red,70103,30,-350.8225,27086
Red,70104,0,-9.044,564
Red,70104,3,-62.559,615
Red,70104,6,-217.697,211
Red,70104,9,-83.4825,154
Red,70104,12,-112.064,145
Red,70104,15,-134.56099999999998,106
Red,70104,18,-141.673,94
Red,70104,21,-142.282,64
Red,70104,24,-156.965,84
Red,70104,27,-131.109,89
Red,70104,30,-185.185,788
Red,70105,0,-11.893,24
Red,70105,3,-24.893,31
Red,70105,6,-41.417,26
Red,70105,9,-56.417,33
Red,70105,12,-103.17099999999999,22
Red,70105,15,-67.393,18
Red,70105,18,-70.893,27
Red,70105,21,-72.393,40
Red,70105,24,-75.393,38
Red,70105,27,-119.893,33
Red,70105,30,-689.548,1759
