route_id,lead_bucket,bias_sec,n
Blue,0,-10.23,25372
Blue,3,-19.628500000000003,23479
Blue,6,-28.161,24157
Blue,9,-39.2555,23450
Blue,12,-49.724,22492
Blue,15,-65.875,21888
Blue,18,-80.97749999999999,20140
Blue,21,-92.1615,19197
Blue,24,-100.44,19011
Blue,27,-102.714,19038
Blue,30,-119.431,87514
Orange,0,-9.783,17524
Orange,3,-21.9705,16226
Orange,6,-43.0665,13271
Orange,9,-83.961,9720
Orange,12,-97.162,7763
Orange,15,-104.064,6626
Orange,18,-127.003,5258
Orange,21,-169.791,3456
Orange,24,-236.52249999999998,1681
Orange,27,-363.69,573
Orange,30,-534.3015,182
Red,0,-10.307,40258
Red,3,-23.066,41954
Red,6,-35.914,43657
Red,9,-48.722,45706
Red,12,-62.699,47787
Red,15,-81.782,49675
Red,18,-106.9305,50398
Red,21,-134.094,49800
Red,24,-158.08800000000002,49654
Red,27,-185.7415,49250
Red,30,-356.068,694360
